City,Country,Lat,Lng,Max Temp,Humidity,Cloudiness,Wind Speed,Current Description
Punta Arenas,CL,-53.15,-70.9167,57.31,58.0,0.0,4.61,clear sky
Tocopilla,CL,-22.092,-70.1979,70.77,79.0,31.0,9.89,scattered clouds
Kodiak,US,57.79,-152.4072,38.71,93.0,100.0,24.16,moderate rain
Rikitea,PF,-23.1203,-134.9692,78.82,75.0,100.0,7.94,overcast clouds
Madimba,TZ,-10.4,40.3333,74.77,91.0,100.0,6.53,light rain
Dashitou,CN,43.3067,128.5114,4.01,71.0,13.0,1.14,few clouds
Mackenzie,CA,55.2999,-123.1698,28.62,100.0,20.0,3.44,few clouds
Lethbridge,CA,49.7,-112.8186,43.72,56.0,75.0,24.16,broken clouds
Busselton,AU,-33.65,115.3333,98.04,27.0,1.0,5.53,clear sky
Kavaratti,IN,10.5669,72.642,80.29,71.0,95.0,10.36,overcast clouds
Cabo San Lucas,MX,22.8909,-109.9124,72.52,63.0,75.0,0.0,broken clouds
Provideniya,RU,64.3833,-173.3,1.51,66.0,0.0,11.18,clear sky
Cayenne,GF,4.9333,-52.3333,75.24,91.0,100.0,5.01,mist
Ponta Do Sol,PT,32.6667,-17.1,65.03,81.0,88.0,15.43,overcast clouds
Luanda,AO,-8.8368,13.2343,73.4,88.0,20.0,8.05,few clouds
Airai,TL,-8.9266,125.4092,61.47,98.0,100.0,3.74,overcast clouds
Mahanoro,MG,-19.9,48.8,72.48,87.0,100.0,9.17,overcast clouds
Vaini,TO,-21.2,-175.2,81.81,78.0,54.0,17.02,broken clouds
Khatanga,RU,71.9667,102.5,-2.24,93.0,100.0,9.8,overcast clouds
Qaanaaq,GL,77.484,-69.3632,15.1,84.0,100.0,4.25,overcast clouds
Port Alfred,ZA,-33.5906,26.891,72.55,84.0,98.0,16.71,overcast clouds
Hilo,US,19.7297,-155.09,78.8,80.0,100.0,4.61,overcast clouds
Albany,US,42.6001,-73.9662,14.09,63.0,26.0,13.0,scattered clouds
Kimbe,PG,-5.5502,150.1429,82.94,78.0,100.0,3.65,light rain
Hobart,AU,-42.8794,147.3294,83.26,40.0,20.0,1.99,few clouds
Saint-Philippe,RE,-21.3585,55.7679,76.59,83.0,55.0,9.17,broken clouds
Hermanus,ZA,-34.4187,19.2345,60.91,87.0,2.0,10.0,clear sky
Souillac,MU,-20.5167,57.5167,81.36,94.0,75.0,12.66,broken clouds
Maniitsoq,GL,65.4167,-52.9,13.68,75.0,100.0,9.93,overcast clouds
Cape Town,ZA,-33.9258,18.4232,64.11,82.0,0.0,4.0,clear sky
Butaritari,KI,3.0707,172.7902,81.86,73.0,100.0,17.09,overcast clouds
Arroio Grande,BR,-32.2375,-53.0869,74.32,96.0,36.0,8.01,scattered clouds
Tagusao,PH,9.1924,117.8141,82.38,71.0,36.0,5.64,scattered clouds
Morong,PH,14.5115,121.2393,82.9,69.0,73.0,7.96,broken clouds
Longyearbyen,SJ,78.2186,15.6401,10.24,67.0,42.0,6.91,scattered clouds
Jiangkou,CN,25.4872,119.1986,51.69,74.0,96.0,14.79,overcast clouds
Bredasdorp,ZA,-34.5322,20.0403,58.28,87.0,0.0,1.14,clear sky
Carnarvon,AU,-24.8667,113.6333,105.87,14.0,0.0,19.57,clear sky
Praia Da Vitoria,PT,38.7333,-27.0667,61.75,94.0,20.0,17.05,few clouds
Mataura,NZ,-46.1927,168.8643,58.48,57.0,92.0,8.75,overcast clouds
Maraa,BR,-1.8333,-65.3667,73.45,98.0,100.0,2.13,light rain
Ribeira Brava,PT,32.65,-17.0667,65.03,83.0,86.0,16.13,overcast clouds
Upernavik,GL,72.7868,-56.1549,-2.61,94.0,100.0,11.45,overcast clouds
Chulman,RU,56.8479,124.9104,-21.68,99.0,44.0,0.96,scattered clouds
Kerema,PG,-7.9631,145.7785,84.29,67.0,93.0,6.17,overcast clouds
Ushuaia,AR,-54.8,-68.3,55.06,62.0,0.0,5.75,clear sky
Talnakh,RU,69.4865,88.3972,10.51,95.0,100.0,13.24,snow
Toora-Khem,RU,52.4675,96.11,11.61,97.0,100.0,2.3,light snow
Sorland,NO,67.667,12.6934,32.92,55.0,100.0,14.25,overcast clouds
New Norfolk,AU,-42.7826,147.0587,82.9,27.0,10.0,3.0,clear sky
Tasiilaq,GL,65.6145,-37.6368,37.56,96.0,100.0,13.71,light rain
Puerto Ayora,EC,-0.7393,-90.3518,74.55,94.0,89.0,1.99,overcast clouds
Avarua,CK,-21.2078,-159.775,78.85,94.0,75.0,9.22,broken clouds
Lensk,RU,60.7253,114.9278,9.36,94.0,100.0,5.95,overcast clouds
Lavrentiya,RU,65.5833,-171.0,-17.36,93.0,5.0,11.65,clear sky
La Ronge,CA,55.1001,-105.2842,8.85,78.0,100.0,8.05,overcast clouds
Hay River,CA,60.8156,-115.7999,-7.62,77.0,100.0,24.16,light snow
Norman Wells,CA,65.282,-126.8329,-18.36,69.0,75.0,13.8,light snow
Jamestown,US,42.097,-79.2353,12.72,85.0,100.0,4.61,mist
Never,FR,46.9896,3.159,33.55,93.0,9.0,7.83,clear sky
Bethel,US,41.3712,-73.414,25.16,62.0,0.0,1.99,clear sky
Klaksvik,FO,62.2266,-6.589,45.52,85.0,100.0,24.87,overcast clouds
Bubaque,GW,11.2833,-15.8333,78.44,70.0,67.0,9.15,broken clouds
High Level,CA,58.5169,-117.136,3.31,85.0,100.0,11.5,light snow
Mehamn,NO,71.0357,27.8492,26.47,76.0,100.0,22.84,snow
Tiksi,RU,71.6872,128.8694,-14.58,96.0,64.0,10.54,broken clouds
Margate,GB,51.3813,1.3862,36.7,82.0,36.0,18.61,scattered clouds
San Cristobal,VE,7.7669,-72.225,73.58,79.0,28.0,1.77,scattered clouds
Bud,US,39.447,-86.1758,23.02,64.0,74.0,7.4,broken clouds
Kapaa,US,22.0752,-159.319,79.12,71.0,75.0,1.01,broken clouds
Petropavlovsk-Kamchatskiy,RU,53.0452,158.6483,27.19,54.0,75.0,4.47,broken clouds
Pietersburg,ZA,-23.9045,29.4688,48.6,93.0,0.0,3.91,clear sky
Grand Gaube,MU,-20.0064,57.6608,81.37,86.0,31.0,5.01,scattered clouds
Clyde River,CA,70.4692,-68.5914,-1.97,84.0,96.0,4.61,light snow
Mingaora,PK,34.7758,72.3625,41.88,50.0,83.0,5.28,broken clouds
Georgetown,MY,5.4112,100.3354,84.13,74.0,20.0,9.22,haze
Geraldton,AU,-28.7667,114.6,104.41,8.0,0.0,21.85,clear sky
Zhuhai,CN,22.2769,113.5678,68.11,72.0,20.0,8.05,few clouds
Harper,LR,4.375,-7.7169,77.41,78.0,4.0,0.81,clear sky
Noyabrsk,RU,63.1994,75.4507,11.89,92.0,77.0,14.56,broken clouds
Ribeira Grande,PT,38.5167,-28.7,63.0,82.0,40.0,9.22,scattered clouds
Ostrovnoy,RU,68.0531,39.5131,9.54,93.0,94.0,5.84,overcast clouds
Bontang,ID,0.1333,117.5,75.27,92.0,100.0,11.3,overcast clouds
Sambava,MG,-14.2667,50.1667,75.33,90.0,100.0,3.65,overcast clouds
Lichtenburg,ZA,-26.152,26.1597,61.74,65.0,1.0,8.37,clear sky
Suntar,RU,62.1444,117.6319,7.34,96.0,100.0,5.68,overcast clouds
Creel,MX,27.75,-107.6333,36.84,57.0,1.0,2.89,clear sky
Sinnamary,GF,5.3833,-52.95,76.8,90.0,66.0,11.81,broken clouds
Ust-Nera,RU,64.5667,143.2,-31.65,95.0,71.0,5.14,broken clouds
Goderich,CA,43.7501,-81.7165,15.91,85.0,97.0,5.75,snow
Yellowknife,CA,62.456,-114.3525,-8.88,70.0,100.0,17.27,light snow
Bandarbeyla,SO,9.4942,50.8122,75.16,76.0,57.0,17.56,broken clouds
Gushikawa,JP,26.3544,127.8686,65.43,52.0,0.0,11.5,clear sky
Erenhot,CN,43.6475,111.9767,13.53,92.0,100.0,6.29,light snow
Hof,DE,50.3167,11.9167,26.26,81.0,75.0,5.75,broken clouds
Barrow,US,71.2906,-156.7887,-21.98,76.0,20.0,3.44,haze
Tuktoyaktuk,CA,69.4541,-133.0374,-20.2,76.0,75.0,21.85,light snow
Iqaluit,CA,63.7506,-68.5145,-27.31,74.0,20.0,4.0,few clouds
Menomonie,US,44.8755,-91.9193,-3.39,71.0,8.0,0.0,clear sky
Saint-Georges,GD,12.0564,-61.7485,78.48,73.0,20.0,11.5,few clouds
Atar,MR,20.5169,-13.0499,71.24,15.0,100.0,9.08,overcast clouds
Atuona,PF,-9.8,-139.0333,78.89,79.0,41.0,23.49,scattered clouds
Ahipara,NZ,-35.1667,173.1667,71.13,52.0,26.0,13.78,scattered clouds
Husavik,IS,66.0449,-17.3389,53.51,78.0,100.0,19.69,overcast clouds
Constitucion,CL,-35.3333,-72.4167,53.6,81.0,0.0,9.31,clear sky
Lubao,PH,14.9167,120.55,86.07,65.0,35.0,9.42,scattered clouds
Lorengau,PG,-2.0226,147.2712,82.9,79.0,95.0,7.81,overcast clouds
Dikson,RU,73.5069,80.5464,5.81,94.0,100.0,13.69,overcast clouds
Moron,AR,-34.6534,-58.6198,80.02,91.0,50.0,5.01,scattered clouds
Castro,BR,-24.7911,-50.0119,65.1,90.0,88.0,2.46,overcast clouds
Ndele,CF,8.4109,20.6473,67.98,25.0,20.0,6.98,few clouds
Bluff,NZ,-46.6,168.3333,58.8,76.0,100.0,18.57,overcast clouds
Verkhoyansk,RU,67.5447,133.385,-38.13,96.0,42.0,0.58,scattered clouds
East London,ZA,-33.0153,27.9116,71.42,83.0,98.0,17.58,overcast clouds
Sandwick,GB,60.0,-1.25,46.22,87.0,100.0,25.32,overcast clouds
Chara,RU,56.9064,118.2631,-11.18,71.0,4.0,0.69,clear sky
Zhigansk,RU,66.7697,123.3711,-15.25,97.0,100.0,16.55,overcast clouds
Mayor Pablo Lagerenza,PY,-19.9309,-60.7718,82.09,58.0,37.0,6.85,scattered clouds
Spring Hill,US,28.4769,-82.5255,66.81,63.0,0.0,4.61,clear sky
Ewa Beach,US,21.3156,-158.0072,80.55,66.0,0.0,8.01,clear sky
Ambon,ID,-3.6954,128.1814,87.94,70.0,40.0,5.75,scattered clouds
Saskylakh,RU,71.9167,114.0833,-20.76,93.0,59.0,7.65,broken clouds
Hasilpur,PK,29.7122,72.5553,51.84,75.0,0.0,6.85,clear sky
Kitami,JP,43.8031,143.8908,27.12,92.0,100.0,16.11,light snow
Port Elizabeth,ZA,-33.918,25.5701,72.1,83.0,100.0,18.41,overcast clouds
Kyabe,TD,9.4515,18.9449,70.34,29.0,25.0,5.12,scattered clouds
Kurchum,KZ,48.5722,83.6542,-5.62,99.0,89.0,1.86,overcast clouds
Guarapari,BR,-20.6667,-40.4975,79.9,85.0,32.0,5.41,scattered clouds
Katsuura,JP,35.1333,140.3,46.42,41.0,84.0,22.24,broken clouds
Sur,OM,22.5667,59.5289,71.56,77.0,2.0,6.11,clear sky
Neepawa,CA,50.2289,-99.4664,-1.19,80.0,85.0,15.23,overcast clouds
Lompoc,US,34.6391,-120.4579,61.79,88.0,0.0,4.61,clear sky
Dera Bugti,PK,29.0307,69.151,56.03,57.0,9.0,6.02,clear sky
Lawton,US,34.6087,-98.3903,26.13,36.0,0.0,11.5,clear sky
Cabedelo,BR,-6.9811,-34.8339,79.47,80.0,21.0,8.93,light rain
Guaratinga,BR,-16.5667,-39.5667,74.07,94.0,0.0,2.15,clear sky
Vanderhoof,CA,54.0166,-124.0198,37.36,76.0,3.0,12.59,clear sky
Atbasar,KZ,51.8,68.3333,-0.33,93.0,97.0,7.02,overcast clouds
Torbay,CA,47.6666,-52.7314,44.58,94.0,100.0,19.57,light rain
Ulaanbaatar,MN,47.9077,106.8832,-12.87,77.0,64.0,0.0,smoke
Portland,US,45.5234,-122.6762,50.85,82.0,75.0,1.99,broken clouds
Lulea,SE,65.5842,22.1547,24.87,74.0,0.0,16.11,clear sky
Severo-Kurilsk,RU,50.6789,156.125,31.42,80.0,100.0,26.28,light snow
Rocky Mountain House,CA,52.3668,-114.9188,35.71,55.0,21.0,6.91,few clouds
Mar Del Plata,AR,-38.0023,-57.5575,72.09,99.0,100.0,3.0,mist
Kvarkeno,RU,52.0833,59.725,-10.91,100.0,94.0,2.28,overcast clouds
Srandakan,ID,-7.9386,110.2506,78.13,82.0,100.0,2.66,overcast clouds
Opuwo,NA,-18.0607,13.84,66.58,78.0,100.0,2.04,light rain
Baykit,RU,61.67,96.37,-8.34,100.0,98.0,1.01,overcast clouds
Tekirdag,TR,40.978,27.5085,42.15,86.0,13.0,6.76,few clouds
Hithadhoo,MV,-0.6,73.0833,81.88,73.0,100.0,7.38,overcast clouds
Tabou,CI,4.423,-7.3528,77.29,78.0,45.0,0.54,scattered clouds
Berlevag,NO,70.8578,29.0864,27.54,75.0,100.0,26.57,light snow
Kangaba,ML,11.9333,-8.4167,68.23,17.0,11.0,5.5,few clouds
Tahlequah,US,35.9154,-94.97,22.05,49.0,0.0,0.0,clear sky
Ishigaki,JP,24.3448,124.1572,66.33,68.0,75.0,19.57,broken clouds
Canatlan,MX,24.5167,-104.7833,57.33,38.0,100.0,14.36,overcast clouds
Mount Isa,AU,-20.7333,139.5,83.97,61.0,100.0,13.8,light rain
Oranjemund,NA,-28.55,16.4333,66.52,81.0,10.0,9.08,clear sky
College,US,64.8569,-147.8028,3.22,79.0,75.0,5.75,broken clouds
Hualmay,PE,-11.0964,-77.6139,70.97,87.0,96.0,10.07,overcast clouds
Kavieng,PG,-2.5744,150.7967,82.58,73.0,100.0,3.11,light rain
Carira,BR,-10.3608,-37.7011,72.03,91.0,0.0,4.94,clear sky
Saint-Pierre,RE,-21.3393,55.4781,76.68,88.0,40.0,4.61,scattered clouds
Sao Joao Da Barra,BR,-21.6403,-41.0511,75.76,87.0,0.0,7.96,clear sky
Dingle,PH,10.9995,122.6711,81.95,74.0,89.0,12.01,overcast clouds
Fairbanks,US,64.8378,-147.7164,3.24,79.0,75.0,10.36,broken clouds
Cidreira,BR,-30.1811,-50.2056,76.93,91.0,3.0,15.01,clear sky
Pisco,PE,-13.7,-76.2167,68.02,92.0,67.0,6.29,broken clouds
Rajapalaiyam,IN,9.45,77.5667,71.26,80.0,100.0,1.92,overcast clouds
Egvekinot,RU,66.3167,-179.1667,-12.32,73.0,0.0,17.87,clear sky
Arraial Do Cabo,BR,-22.9661,-42.0278,75.79,89.0,20.0,13.96,few clouds
Ust-Koksa,RU,50.2696,85.6108,-5.53,96.0,64.0,0.94,broken clouds
Rawlins,US,41.7911,-107.2387,32.22,47.0,100.0,9.22,overcast clouds
Upington,ZA,-28.4478,21.2561,71.98,83.0,0.0,2.3,clear sky
Moerai,PF,-22.4333,-151.3333,77.25,74.0,100.0,15.68,light rain
Riyadh,SA,24.6877,46.7219,41.14,48.0,0.0,15.37,clear sky
Mackay,AU,-21.15,149.2,80.69,77.0,71.0,20.58,broken clouds
Rio Gallegos,AR,-51.6226,-69.2181,60.85,63.0,40.0,27.63,scattered clouds
Alofi,NU,-19.0595,-169.9187,84.09,70.0,75.0,17.27,broken clouds
Araouane,ML,18.9048,-3.5265,60.6,22.0,12.0,9.48,few clouds
Mahebourg,MU,-20.4081,57.7,81.25,94.0,75.0,12.66,broken clouds
Mugumu,TZ,-1.85,34.7,59.61,94.0,100.0,2.66,light rain
Biak,ID,-0.9131,122.8766,82.33,71.0,78.0,0.96,broken clouds
Hami,CN,42.8,93.45,27.63,42.0,100.0,4.34,overcast clouds
Vicuna,CL,-30.0319,-70.7081,53.33,43.0,0.0,0.81,clear sky
Mareeba,AU,-17.0,145.4333,82.49,78.0,100.0,8.12,overcast clouds
Yumen,CN,40.2833,97.2,21.24,47.0,1.0,0.85,clear sky
Rawson,AR,-43.3002,-65.1023,61.09,94.0,75.0,2.3,broken clouds
Walvis Bay,NA,-22.9575,14.5053,70.09,88.0,100.0,2.3,overcast clouds
Dongying,CN,37.4564,118.4856,29.68,56.0,17.0,5.99,few clouds
The Valley,AI,18.217,-63.0578,78.66,71.0,0.0,23.73,clear sky
Islamkot,PK,24.6997,70.177,66.87,88.0,0.0,7.58,clear sky
Markova,UA,48.6758,24.4138,22.23,71.0,20.0,14.09,few clouds
Thompson,CA,55.7435,-97.8558,-3.84,71.0,100.0,9.22,overcast clouds
Los Llanos De Aridane,ES,28.6585,-17.9182,58.75,87.0,0.0,7.0,clear sky
Tsaratanana,MG,-16.7833,47.65,72.07,97.0,100.0,1.41,moderate rain
Jackson,US,42.4165,-122.8345,51.8,82.0,20.0,0.0,few clouds
Pedasi,PA,7.5333,-80.0333,75.07,75.0,7.0,21.54,clear sky
Necochea,AR,-38.5473,-58.7368,71.04,89.0,97.0,19.01,overcast clouds
Bilecik,TR,40.0,30.1667,21.88,80.0,26.0,10.74,scattered clouds
Bandrele,YT,-12.9067,45.1914,78.55,83.0,75.0,11.5,light rain
Kaeo,NZ,-35.1,173.7833,79.32,43.0,33.0,5.1,scattered clouds
Fortuna,US,40.5982,-124.1573,52.32,94.0,100.0,1.01,overcast clouds
Millinocket,US,45.6573,-68.7098,5.11,66.0,0.0,11.5,clear sky
Berezovyy,RU,51.6667,135.7,3.4,79.0,6.0,2.13,clear sky
Owase,JP,34.0667,136.2,41.2,51.0,97.0,8.99,overcast clouds
Katherine,AU,-14.4667,132.2667,91.72,55.0,40.0,3.44,scattered clouds
Pinhao,BR,-25.6956,-51.6597,64.58,87.0,16.0,1.81,few clouds
Yar-Sale,RU,66.8333,70.8333,12.7,89.0,99.0,21.52,overcast clouds
Beringovskiy,RU,63.05,179.3167,-13.23,78.0,6.0,13.44,clear sky
Touros,BR,-5.1989,-35.4608,81.5,73.0,62.0,8.9,broken clouds
Peniche,PT,39.3558,-9.3811,50.45,64.0,0.0,5.35,clear sky
Chuy,UY,-33.6971,-53.4616,74.7,95.0,38.0,10.33,scattered clouds
Vila Franca Do Campo,PT,37.7167,-25.4333,61.21,84.0,7.0,14.92,clear sky
Salinopolis,BR,-0.6136,-47.3561,78.94,85.0,9.0,10.02,clear sky
Kaitangata,NZ,-46.2817,169.8464,64.92,66.0,94.0,10.76,overcast clouds
Roald,NO,62.5833,6.1333,37.45,93.0,100.0,10.36,light rain
Gornopravdinsk,RU,60.05,69.9,14.02,93.0,100.0,8.52,overcast clouds
Anadyr,RU,64.75,177.4833,-34.01,65.0,20.0,4.47,few clouds
San Vicente,AR,-26.6167,-54.1333,73.31,65.0,2.0,2.55,clear sky
Faanui,PF,-16.4833,-151.75,81.59,74.0,100.0,18.79,overcast clouds
Merida,MX,20.9667,-89.6167,76.01,69.0,20.0,4.61,few clouds
Deputatskiy,RU,69.3,139.9,-19.88,76.0,46.0,6.13,scattered clouds
Isangel,VU,-19.55,169.2667,84.31,84.0,100.0,2.3,light rain
Nikolskoye,RU,59.7035,30.7861,30.09,97.0,92.0,3.87,light snow
Broken Hill,AU,-31.95,141.4333,85.71,35.0,99.0,18.41,overcast clouds
Chokurdakh,RU,70.6333,147.9167,-38.36,98.0,82.0,5.7,broken clouds
Qasigiannguit,GL,68.8193,-51.1922,17.85,83.0,100.0,19.3,overcast clouds
Brae,GB,60.3964,-1.353,46.31,93.0,100.0,21.05,overcast clouds
Ornskoldsvik,SE,63.2909,18.7153,28.22,63.0,0.0,16.11,clear sky
Ouango,CF,4.3133,22.5552,70.02,39.0,99.0,4.72,overcast clouds
Comodoro Rivadavia,AR,-45.8667,-67.5,60.66,94.0,100.0,3.44,overcast clouds
Maragogi,BR,-9.0122,-35.2225,78.49,81.0,16.0,6.35,few clouds
Drayton Valley,CA,53.2168,-114.9854,39.9,59.0,37.0,18.59,scattered clouds
Boueni,YT,-12.9025,45.0761,78.78,76.0,99.0,14.97,light rain
Port Shepstone,ZA,-30.7414,30.455,71.2,87.0,5.0,13.65,clear sky
Nebbi,UG,2.4783,31.0889,67.21,40.0,94.0,5.66,overcast clouds
Rapar,IN,23.5667,70.6333,66.79,92.0,0.0,8.16,clear sky
Kamyshlov,RU,56.8428,62.7111,4.32,95.0,29.0,7.07,scattered clouds
Narsaq,GL,60.9167,-46.05,25.02,88.0,100.0,16.58,overcast clouds
Tigzirt,DZ,36.8886,4.1198,48.52,81.0,67.0,6.31,broken clouds
Nanortalik,GL,60.1432,-45.2371,25.84,70.0,100.0,22.53,light snow
Hambantota,LK,6.1241,81.1185,71.94,100.0,20.0,3.44,few clouds
Voh,NC,-20.9667,164.7,84.33,74.0,100.0,7.76,overcast clouds
Mountain Home,US,43.133,-115.6912,32.74,100.0,100.0,8.05,overcast clouds
Smithers,CA,54.7804,-127.1743,26.92,86.0,40.0,5.75,scattered clouds
Itarema,BR,-2.9248,-39.9167,76.87,87.0,36.0,8.95,scattered clouds
Vanavara,RU,60.34,102.2797,-2.63,100.0,94.0,3.67,overcast clouds
Mbuyapey,PY,-26.2,-56.75,84.51,41.0,22.0,4.94,few clouds
Hofn,IS,64.2539,-15.2082,42.94,87.0,100.0,15.28,overcast clouds
Kruisfontein,ZA,-34.0033,24.7314,69.89,95.0,45.0,7.81,scattered clouds
Guerrero Negro,MX,27.9769,-114.0611,67.95,36.0,0.0,18.25,clear sky
Luderitz,NA,-26.6481,15.1594,67.84,84.0,31.0,8.3,scattered clouds
Teahupoo,PF,-17.8333,-149.2667,78.76,80.0,100.0,22.1,light rain
Saint George,US,37.1041,-113.5841,52.36,39.0,0.0,1.99,clear sky
Rancho Palos Verdes,US,33.7445,-118.387,69.37,57.0,0.0,1.99,clear sky
Ambilobe,MG,-13.2,49.05,73.11,97.0,97.0,2.15,light rain
Hamilton,US,39.1834,-84.5333,23.4,59.0,100.0,3.0,snow
Qaqortoq,GL,60.7167,-46.0333,25.3,87.0,100.0,18.48,overcast clouds
Makhachkala,RU,42.9764,47.5024,21.18,78.0,10.0,5.37,clear sky
Adrar,MR,20.5022,-10.0711,63.68,17.0,69.0,12.3,broken clouds
Asmara,ER,15.3333,38.9333,48.13,85.0,64.0,4.14,broken clouds
Sayyan,YE,15.1718,44.3244,50.88,41.0,0.0,3.31,clear sky
Whitianga,NZ,-36.8333,175.7,74.71,40.0,2.0,9.51,clear sky
Laguna,US,38.421,-121.4238,59.5,79.0,0.0,0.0,clear sky
Tjome,NO,59.1109,10.3933,32.7,51.0,97.0,9.22,overcast clouds
Konya,TR,38.1667,32.5,8.08,70.0,1.0,4.05,clear sky
Santa Cruz Del Norte,CU,23.1539,-81.9236,74.14,80.0,4.0,1.9,clear sky
Rio Grande,BR,-32.035,-52.0986,78.94,94.0,20.0,13.62,few clouds
Saldanha,ZA,-33.0117,17.9442,59.05,86.0,0.0,12.84,clear sky
Mathathane,BW,-22.2687,28.7495,68.94,67.0,0.0,10.89,clear sky
Kedrovyy,RU,56.1667,91.8167,3.87,98.0,100.0,1.52,overcast clouds
Komsomolskiy,UZ,40.4272,71.7189,29.62,80.0,0.0,6.91,clear sky
Coquimbo,CL,-29.9533,-71.3436,60.53,77.0,0.0,5.75,clear sky
Ellsworth,US,44.5434,-68.4195,15.53,68.0,0.0,1.01,clear sky
Osakarovka,KZ,50.565,72.5692,0.41,83.0,93.0,8.5,overcast clouds
Ngunguru,NZ,-35.6167,174.5,79.16,49.0,37.0,7.65,scattered clouds
Makakilo City,US,21.3469,-158.0858,79.12,66.0,0.0,8.05,clear sky
Nouadhibou,MR,20.931,-17.0347,64.38,94.0,100.0,8.05,overcast clouds
Shakawe,BW,-18.3667,21.85,66.56,87.0,91.0,3.24,overcast clouds
Sahuaripa,MX,29.05,-109.2333,60.67,43.0,3.0,6.51,clear sky
Salalah,OM,17.0151,54.0924,71.69,88.0,0.0,1.14,clear sky
Shagonar,RU,51.5333,92.8,9.03,96.0,100.0,0.78,overcast clouds
Namibe,AO,-15.1961,12.1522,69.06,84.0,99.0,5.46,overcast clouds
Viisoara,RO,46.55,23.9167,24.58,88.0,23.0,4.29,few clouds
Khokhlovo,RU,59.1492,37.3998,27.68,96.0,100.0,9.26,light snow
Garden City,US,42.3256,-83.331,19.22,63.0,100.0,6.91,overcast clouds
Khromtau,KZ,50.2503,58.4347,-2.11,98.0,100.0,3.85,overcast clouds
Shumskiy,RU,54.8318,99.1328,1.72,98.0,99.0,1.7,overcast clouds
Saint-Gabriel,CA,46.3001,-73.3824,-9.17,87.0,13.0,5.21,few clouds
Burnie,AU,-41.0667,145.9167,70.95,59.0,3.0,7.23,clear sky
Niceville,US,30.5169,-86.4822,46.45,91.0,100.0,14.0,overcast clouds
Grindavik,IS,63.8424,-22.4338,46.35,93.0,100.0,33.38,light intensity drizzle
San Patricio,US,28.017,-97.5169,39.29,52.0,100.0,16.22,light rain
Oranjestad,AW,12.524,-70.027,80.55,78.0,40.0,18.41,scattered clouds
Le Moule,GP,16.3332,-61.3473,75.24,100.0,1.0,5.99,clear sky
Eureka,US,40.8021,-124.1637,52.57,87.0,85.0,8.99,overcast clouds
Bambous Virieux,MU,-20.3428,57.7575,81.21,94.0,75.0,12.66,light rain
Mala Danylivka,UA,50.0635,36.1656,27.01,100.0,75.0,11.18,shower snow
Port Pirie,AU,-33.1833,138.0167,87.89,39.0,98.0,17.94,overcast clouds
Huangnihe,CN,43.5583,128.0239,3.06,72.0,14.0,2.19,few clouds
Ustupo,PA,9.1333,-77.9333,79.14,87.0,69.0,8.46,broken clouds
Genhe,CN,50.7833,121.5167,0.37,77.0,91.0,0.36,overcast clouds
Laerdalsoyri,NO,61.098,7.4816,15.17,98.0,99.0,2.86,overcast clouds
Calvinia,ZA,-31.4707,19.776,73.96,22.0,10.0,3.44,clear sky
Tuatapere,NZ,-46.1333,167.6833,58.82,67.0,55.0,10.51,broken clouds
Sitka,US,57.0531,-135.33,39.09,93.0,100.0,8.05,mist
Buala,SB,-8.145,159.5921,80.08,87.0,100.0,9.73,moderate rain
Bengkulu,ID,-3.8004,102.2655,77.7,82.0,100.0,2.44,overcast clouds
Marshalltown,US,42.0494,-92.908,-3.01,71.0,0.0,0.0,clear sky
Khor,RU,47.8861,134.9464,-5.57,92.0,72.0,5.64,broken clouds
Port Blair,IN,11.6667,92.75,77.04,88.0,75.0,0.0,mist
Yaan,NG,7.3833,8.5667,73.76,22.0,56.0,8.48,broken clouds
Ancud,CL,-41.8697,-73.8203,54.23,91.0,17.0,8.72,light rain
Imeni Poliny Osipenko,RU,52.4201,136.4853,-7.38,93.0,98.0,6.38,overcast clouds
Oborniki,PL,52.6474,16.8141,29.48,73.0,8.0,14.9,clear sky
Pangnirtung,CA,66.1451,-65.7125,-30.3,99.0,98.0,3.8,overcast clouds
Kudahuvadhoo,MV,2.6708,72.8944,80.73,71.0,86.0,10.67,overcast clouds
Muhos,FI,64.808,25.9931,22.78,80.0,13.0,11.05,few clouds
Lagoa,PT,39.05,-27.9833,60.87,87.0,100.0,19.77,overcast clouds
Bara,NG,10.3744,10.7288,57.38,31.0,77.0,7.31,broken clouds
Panguna,PG,-6.3164,155.4848,74.52,87.0,100.0,1.63,moderate rain
Tucuman,AR,-26.8241,-65.2226,69.8,94.0,20.0,4.61,few clouds
Kysyl-Syr,RU,63.8986,122.7617,-2.7,99.0,100.0,2.8,overcast clouds
Bizhbulyak,RU,53.6967,54.2642,-2.69,100.0,89.0,2.91,overcast clouds
Abu Samrah,SY,35.3029,37.1841,38.89,66.0,98.0,8.34,overcast clouds
Lae,PG,-6.7221,146.9847,84.87,70.0,90.0,8.75,light rain
Bitung,ID,1.4451,125.1824,79.65,79.0,99.0,8.97,light rain
Gobabis,NA,-22.45,18.9667,71.1,58.0,81.0,4.12,broken clouds
Sassandra,CI,4.95,-6.0833,73.15,72.0,91.0,4.0,overcast clouds
Vardo,NO,70.3705,31.1107,29.75,68.0,98.0,29.73,overcast clouds
Cocoyoc,MX,18.8667,-98.9833,73.31,48.0,52.0,3.47,broken clouds
Kaihua,CN,23.3687,104.28,51.42,89.0,100.0,8.57,overcast clouds
Kigali,RW,-1.95,30.0588,63.88,93.0,75.0,2.3,broken clouds
Lata,PT,40.1629,-8.3327,50.07,82.0,0.0,4.63,clear sky
Balyaga,RU,51.1507,108.921,7.95,90.0,93.0,0.56,overcast clouds
Baiao,BR,-2.7906,-49.6717,73.17,95.0,67.0,1.97,broken clouds
Mahon,ES,39.8885,4.2658,41.56,93.0,0.0,4.61,clear sky
Noumea,NC,-22.2763,166.4572,80.01,99.0,99.0,15.88,light rain
Atherton,GB,53.5237,-2.4935,36.91,90.0,41.0,1.99,scattered clouds
Texarkana,US,33.4251,-94.0477,34.02,40.0,0.0,8.01,clear sky
Morondava,MG,-20.2833,44.2833,75.97,80.0,88.0,7.96,overcast clouds
Haapiti,PF,-17.5667,-149.8667,83.93,76.0,100.0,18.61,light rain
Lao Cai,VN,22.4833,103.95,60.6,95.0,100.0,2.17,overcast clouds
Kandrian,PG,-6.2167,149.55,84.27,71.0,96.0,7.05,light rain
Kupang,ID,-10.1667,123.5833,82.98,94.0,75.0,2.3,broken clouds
Bela,IN,25.9333,81.9833,57.06,58.0,43.0,0.2,scattered clouds
Leningradskiy,RU,69.3833,178.4167,-32.06,92.0,5.0,4.23,clear sky
Baoro,CF,5.6667,15.9667,64.4,25.0,25.0,6.11,scattered clouds
Sola,VU,-13.8833,167.55,84.04,75.0,88.0,15.68,overcast clouds
Samarai,PG,-10.6167,150.6667,84.54,72.0,100.0,10.6,overcast clouds
Mopti,ML,14.6667,-4.0,65.64,17.0,0.0,7.72,clear sky
Camopi,GF,3.1655,-52.3158,71.53,99.0,94.0,1.83,overcast clouds
Aljezur,PT,37.3191,-8.8033,48.58,59.0,0.0,5.82,clear sky
Santa Isabel,BR,-23.3156,-46.2214,71.65,95.0,28.0,1.45,scattered clouds
Kirakira,SB,-10.4544,161.9205,80.17,85.0,100.0,7.07,moderate rain
Havoysund,NO,70.9963,24.6622,27.48,62.0,100.0,25.17,light snow
Lebu,CL,-37.6167,-73.65,53.8,82.0,0.0,3.51,clear sky
Sumbe,AO,-11.2061,13.8437,72.07,85.0,100.0,8.01,overcast clouds
Ambatolampy,MG,-19.3833,47.4167,56.97,94.0,100.0,6.38,light rain
Coihaique,CL,-45.5752,-72.0662,56.01,94.0,20.0,3.44,light rain
Yashkul,RU,46.1711,45.3435,24.98,77.0,9.0,3.0,clear sky
Diu,IN,20.7141,70.9822,69.8,80.0,3.0,5.79,clear sky
Arlit,NE,18.7369,7.3853,54.81,24.0,0.0,7.27,clear sky
Saint-Paul,RE,-21.0096,55.2707,77.11,79.0,83.0,2.75,broken clouds
Northam,GB,51.0333,-4.2167,34.3,67.0,1.0,1.9,clear sky
Asau,RO,46.4333,26.4,29.95,94.0,53.0,6.67,broken clouds
Kuito,AO,-12.3833,16.9333,56.32,61.0,98.0,3.47,overcast clouds
Christchurch,NZ,-43.5333,172.6333,72.32,57.0,75.0,9.22,broken clouds
Adeje,ES,28.1227,-16.726,61.74,57.0,20.0,1.99,few clouds
Charyshskoye,RU,51.3978,83.5598,-0.83,93.0,9.0,4.43,clear sky
Saint-Joseph,RE,-21.3667,55.6167,75.58,81.0,33.0,5.44,scattered clouds
Manta,EC,-0.95,-80.7333,78.58,78.0,75.0,8.05,broken clouds
Talcahuano,CL,-36.7167,-73.1167,58.68,82.0,0.0,4.61,clear sky
Majene,ID,-3.5403,118.9707,76.3,91.0,100.0,3.98,overcast clouds
Umm Kaddadah,SD,13.6017,26.6876,52.41,24.0,6.0,14.65,clear sky
Black River,JM,18.0264,-77.8487,78.8,85.0,1.0,5.3,clear sky
Dharchula,IN,29.85,80.5333,47.28,68.0,100.0,2.86,overcast clouds
Saint-Ambroise,CA,48.5501,-71.3324,-12.46,70.0,41.0,9.22,scattered clouds
Vega De Alatorre,MX,20.0333,-96.6333,66.97,94.0,100.0,14.03,overcast clouds
Jacareacanga,BR,-6.2222,-57.7528,73.4,98.0,100.0,1.52,moderate rain
Meulaboh,ID,4.1363,96.1285,82.06,72.0,12.0,2.33,few clouds
Karsun,RU,54.1994,46.9827,3.56,96.0,66.0,7.34,broken clouds
Mukhen,RU,48.1,136.1,2.98,84.0,71.0,4.63,broken clouds
Catia La Mar,VE,10.6038,-67.0303,79.0,83.0,20.0,2.3,few clouds
Ossora,RU,59.2353,163.0719,5.99,92.0,98.0,5.46,overcast clouds
Sarkand,KZ,45.41,79.9186,17.42,69.0,10.0,6.62,clear sky
Cooma,AU,-36.2333,149.1333,69.57,60.0,40.0,10.36,scattered clouds
Boguchany,RU,58.3814,97.4531,-0.76,100.0,92.0,2.08,overcast clouds
Plettenberg Bay,ZA,-34.0527,23.3716,66.04,91.0,29.0,1.16,scattered clouds
Partizanskoye,RU,55.5006,94.39,-1.3,98.0,98.0,2.93,overcast clouds
Kalinagar,IN,28.6167,80.1,54.68,67.0,2.0,0.96,clear sky
Turayf,SA,31.6725,38.6637,25.05,93.0,0.0,0.0,clear sky
Sao Filipe,CV,14.8961,-24.4956,72.7,79.0,90.0,6.35,overcast clouds
Mayskiy,RU,47.6931,40.1025,24.44,96.0,100.0,12.24,light snow
Karatsu,JP,33.4425,129.9697,49.87,58.0,43.0,12.15,scattered clouds
Curuca,BR,-0.7289,-47.8481,74.17,96.0,23.0,3.94,few clouds
Hirara,JP,24.8,125.2833,66.06,72.0,75.0,12.66,broken clouds
Vao,NC,-22.6667,167.4833,76.62,89.0,100.0,17.74,overcast clouds
Kalemie,CD,-5.9475,29.1947,67.53,89.0,87.0,4.12,overcast clouds
Ternate,ID,0.8,127.4,81.45,77.0,100.0,2.86,overcast clouds
Thinadhoo,MV,0.5333,72.9333,81.55,74.0,100.0,9.66,overcast clouds
Botwood,CA,49.1499,-55.3482,31.48,75.0,100.0,7.94,overcast clouds
Kamloops,CA,50.6665,-120.3192,35.58,96.0,100.0,1.01,overcast clouds
Puerto Escondido,MX,15.85,-97.0667,79.63,78.0,20.0,0.0,few clouds
Okhotsk,RU,59.3833,143.3,-5.26,74.0,78.0,11.12,broken clouds
Lokomotivnyy,RU,53.0118,60.5684,-7.92,95.0,28.0,5.5,scattered clouds
Minab,IR,27.1467,57.0801,59.32,67.0,0.0,2.3,clear sky
Totskoye,RU,52.5248,52.7623,3.54,99.0,100.0,3.38,overcast clouds
Rockport,US,28.0206,-97.0544,39.45,72.0,75.0,14.97,broken clouds
Emerald,AU,-23.5333,148.1667,86.14,48.0,100.0,19.57,overcast clouds
Santo Amaro,BR,-12.5467,-38.7119,84.24,92.0,3.0,2.95,clear sky
Mazyr,BY,52.0495,29.2456,24.98,89.0,80.0,15.9,broken clouds
Galesong,ID,-5.3166,119.3661,75.22,83.0,100.0,11.43,light rain
Chulym,RU,55.0997,80.9572,-9.06,100.0,99.0,3.53,overcast clouds
Novouzensk,RU,50.4592,48.1431,0.07,100.0,100.0,2.95,overcast clouds
Camana,PE,-16.6228,-72.7111,72.16,86.0,97.0,6.58,overcast clouds
Palauig,PH,15.435,119.9045,80.13,64.0,94.0,1.66,overcast clouds
Viedma,AR,-40.8135,-62.9967,70.09,90.0,98.0,11.43,overcast clouds
Puerto Lempira,HN,15.2667,-83.7667,74.71,89.0,9.0,7.36,clear sky
Isla Mujeres,MX,21.2311,-86.731,73.45,79.0,10.0,6.98,clear sky
Mecca,SA,21.4267,39.8261,64.2,40.0,0.0,7.47,clear sky
Hasaki,JP,35.7333,140.8333,41.4,42.0,2.0,24.18,clear sky
Kuusamo,FI,65.9667,29.1833,24.84,86.0,75.0,11.5,broken clouds
Yerbogachen,RU,61.2767,108.0108,8.96,95.0,100.0,6.64,overcast clouds
Chupa,RU,66.27,33.0549,7.39,97.0,58.0,4.38,broken clouds
Havre-Saint-Pierre,CA,50.2334,-63.5986,7.39,71.0,0.0,11.5,clear sky
Lumeje,AO,-11.55,20.7833,64.56,87.0,100.0,3.89,overcast clouds
Cherskiy,RU,68.75,161.3,-39.53,99.0,20.0,0.94,few clouds
Yalova,TR,40.655,29.2769,46.58,62.0,83.0,10.54,broken clouds
Betare Oya,CM,5.6,14.0833,64.71,26.0,28.0,4.47,scattered clouds
Avera,US,33.194,-82.5271,51.31,94.0,100.0,7.31,overcast clouds
Makariv,UA,50.4641,29.8113,26.69,81.0,95.0,16.22,overcast clouds
Paamiut,GL,61.994,-49.6678,18.88,91.0,100.0,6.8,light snow
Altay,CN,47.8667,88.1167,9.43,85.0,92.0,4.97,overcast clouds
Mehran,IR,33.1222,46.1646,22.48,50.0,0.0,6.51,clear sky
Huntington,US,38.4193,-82.4452,25.14,63.0,100.0,6.91,overcast clouds
Launceston,AU,-41.45,147.1667,79.61,40.0,7.0,3.0,clear sky
Kindu,CD,-2.95,25.95,68.94,99.0,100.0,2.1,light rain
Sirjan,IR,29.452,55.6814,34.54,73.0,0.0,2.68,clear sky
Minudasht,IR,37.2289,55.3747,36.97,93.0,100.0,21.85,overcast clouds
Gourcy,BF,13.2167,-2.35,61.16,20.0,0.0,9.95,clear sky
Wanaka,NZ,-44.7,169.15,70.81,46.0,10.0,0.69,clear sky
Ilanskiy,RU,56.2358,96.065,2.97,95.0,99.0,3.02,overcast clouds
Ronne,DK,55.1009,14.7066,33.71,51.0,0.0,21.85,clear sky
Pareora,NZ,-44.4871,171.2132,70.18,59.0,75.0,10.76,broken clouds
Murygino,RU,58.7383,49.4582,16.56,88.0,100.0,9.89,overcast clouds
Santa Flavia,IT,38.085,13.5351,53.33,66.0,87.0,11.01,overcast clouds
Great Yarmouth,GB,52.6083,1.7305,34.45,84.0,50.0,16.13,scattered clouds
Esperance,AU,-33.8667,121.9,76.84,53.0,0.0,13.62,clear sky
Moche,PE,-8.1711,-79.0092,68.18,83.0,94.0,11.5,mist
Sistranda,NO,63.7256,8.834,39.9,75.0,100.0,24.96,light rain
Soe,ID,-9.8607,124.284,68.56,91.0,100.0,5.08,overcast clouds
Kudat,MY,6.8837,116.8477,77.29,94.0,40.0,4.61,scattered clouds
Ust-Maya,RU,60.4167,134.5333,-24.29,93.0,62.0,1.19,broken clouds
Port Lincoln,AU,-34.7333,135.8667,73.24,78.0,100.0,13.56,light rain
Victoria,HK,22.2855,114.1577,68.97,78.0,100.0,3.0,overcast clouds
Olga,RU,43.7444,135.2892,14.27,45.0,0.0,7.63,clear sky
Bangui,CF,4.3612,18.555,69.98,64.0,0.0,0.0,clear sky
Nevsehir,TR,38.9167,34.6667,11.41,79.0,0.0,13.8,clear sky
Makat,KZ,47.6469,53.3463,21.15,96.0,98.0,5.21,overcast clouds
Safaga,EG,26.7292,33.9365,51.75,59.0,0.0,14.05,clear sky
Baruun-Urt,MN,46.6806,113.2792,3.47,66.0,100.0,10.47,overcast clouds
Tutoia,BR,-2.7619,-42.2744,82.38,88.0,100.0,10.2,overcast clouds
Calbuco,CL,-41.768,-73.1273,54.61,76.0,43.0,6.62,scattered clouds
Nalut,LY,30.3333,10.85,44.85,52.0,0.0,6.6,clear sky
Awjilah,LY,29.1081,21.2869,50.61,60.0,6.0,3.94,clear sky
Kasongo-Lunda,CD,-6.4667,16.8167,69.22,98.0,99.0,1.52,light rain
Mwanza,TZ,-2.5167,32.9,67.37,76.0,95.0,1.39,light rain
Igrim,RU,63.1906,64.4162,12.18,92.0,94.0,10.27,overcast clouds
Aksarka,RU,66.5606,67.7975,12.69,91.0,100.0,19.57,overcast clouds
Sagbayan,PH,9.9144,124.0919,79.34,71.0,61.0,9.66,broken clouds
Flinders,AU,-34.5833,150.8552,74.21,66.0,82.0,9.95,broken clouds
Mainburg,DE,48.65,11.7833,31.91,86.0,99.0,6.91,overcast clouds
Kashmor,PK,28.4333,69.5833,58.05,50.0,12.0,11.1,few clouds
Wanning,CN,18.8003,110.3967,73.72,75.0,66.0,8.81,broken clouds
Ginir,ET,7.1333,40.7,56.19,72.0,62.0,5.12,broken clouds
Chhaprauli,IN,29.2167,77.1833,52.43,75.0,6.0,1.59,clear sky
Kitimat,CA,54.0524,-128.6534,42.91,36.0,100.0,1.99,overcast clouds
Pevek,RU,69.7008,170.3133,-34.47,96.0,19.0,1.21,few clouds
Mount Gambier,AU,-37.8333,140.7667,85.91,25.0,4.0,18.41,clear sky
Straumen,NO,63.8709,11.2999,34.95,89.0,100.0,3.49,overcast clouds
Yulara,AU,-25.2406,130.9889,84.04,54.0,40.0,8.05,scattered clouds
Zelenoborskiy,RU,66.845,32.3622,8.28,97.0,56.0,5.35,broken clouds
Marystown,CA,47.1666,-55.1483,39.85,100.0,100.0,5.01,overcast clouds
Haines Junction,CA,60.7522,-137.5108,3.15,85.0,100.0,1.14,overcast clouds
Naze,JP,28.3667,129.4833,61.72,56.0,99.0,9.46,overcast clouds
Lazaro Cardenas,MX,17.9583,-102.2,75.49,75.0,77.0,2.44,broken clouds
Maningrida,AU,-12.0667,134.2667,88.09,63.0,56.0,7.16,broken clouds
Louis Trichardt,ZA,-23.0439,29.9032,61.75,91.0,80.0,7.54,broken clouds
Springfield,US,37.2153,-93.2982,16.52,63.0,0.0,4.0,clear sky
Luwuk,ID,-0.9516,122.7875,83.19,80.0,90.0,0.31,overcast clouds
Mama,RU,58.3106,112.8986,-3.21,96.0,99.0,5.44,overcast clouds
Sindor,RU,62.8629,51.8905,18.05,94.0,100.0,8.3,overcast clouds
Valdivia,CL,-39.8142,-73.2459,50.29,98.0,29.0,1.99,scattered clouds
Codrington,AU,-38.2667,141.9667,89.46,24.0,0.0,10.4,clear sky
Mogadishu,SO,2.0371,45.3438,75.85,83.0,88.0,15.41,overcast clouds
Sabang,ID,5.8933,95.3214,80.85,72.0,75.0,1.63,broken clouds
Alta Floresta,BR,-9.8756,-56.0861,70.63,96.0,90.0,1.95,overcast clouds
Nagato,JP,34.3833,131.2,44.55,51.0,99.0,12.59,overcast clouds
Posse,BR,-14.0931,-46.3694,67.89,75.0,1.0,3.58,clear sky
Lesnikovo,RU,55.2822,65.3175,-1.71,98.0,98.0,5.26,overcast clouds
Alekseyevka,RU,50.6309,38.6903,22.71,94.0,100.0,16.37,snow
Nabire,ID,-3.3667,135.4833,86.72,67.0,49.0,5.75,scattered clouds
Krishnarajpet,IN,12.655,76.4883,61.97,47.0,96.0,3.49,overcast clouds
Caravelas,BR,-17.7125,-39.2481,74.62,92.0,0.0,3.8,clear sky
Nome,US,64.5011,-165.4064,3.27,72.0,100.0,14.97,overcast clouds
Joshimath,IN,30.5667,79.5667,38.62,54.0,39.0,4.45,scattered clouds
Zhangjiakou,CN,40.81,114.8794,16.05,73.0,99.0,3.53,light snow
Port Hawkesbury,CA,45.6169,-61.3485,28.18,93.0,100.0,8.01,overcast clouds
Ayagoz,KZ,47.9714,80.4392,-12.19,100.0,100.0,7.9,overcast clouds
Bonfim,BR,3.0833,-59.95,79.21,71.0,96.0,7.74,overcast clouds
Zinder,NE,13.8072,8.9881,49.89,23.0,0.0,10.71,clear sky
Sisimiut,GL,66.9395,-53.6735,13.87,79.0,100.0,27.4,overcast clouds
Wajima,JP,37.4,136.9,32.68,74.0,75.0,5.75,light snow
Floro,NO,61.5996,5.0328,36.97,93.0,100.0,8.05,light snow
Zhanakorgan,KZ,43.9098,67.2495,28.29,82.0,91.0,5.55,overcast clouds
Krasnoarmeyskoye,RU,52.7182,50.0322,5.29,97.0,98.0,5.3,overcast clouds
Padang,ID,-0.9492,100.3543,82.45,64.0,96.0,3.83,overcast clouds
Hondo,JP,32.45,130.2,49.95,55.0,12.0,13.04,few clouds
Batagay-Alyta,RU,67.8006,130.4114,-17.36,88.0,80.0,4.27,broken clouds
Beidao,CN,34.5686,105.8933,39.47,82.0,100.0,2.53,overcast clouds
Ahmadpur East,PK,29.1431,71.2598,56.7,58.0,2.0,7.2,clear sky
Jiaxing,CN,30.7522,120.75,51.03,56.0,100.0,10.58,overcast clouds
Uinskoye,RU,56.8817,56.5813,10.76,94.0,100.0,9.95,overcast clouds
Broome,US,42.2506,-75.833,12.02,76.0,100.0,1.01,overcast clouds
Karratha,AU,-20.7377,116.8463,96.22,39.0,0.0,6.11,clear sky
Te Anau,NZ,-45.4167,167.7167,67.68,52.0,82.0,2.89,broken clouds
Taoudenni,ML,22.6783,-3.9836,59.94,22.0,2.0,8.9,clear sky
Nador,MA,35.174,-2.9287,53.85,76.0,75.0,1.14,broken clouds
Russell,US,32.3502,-85.1999,41.13,91.0,100.0,10.36,overcast clouds
Benjamin Hill,MX,30.1667,-111.1,61.23,33.0,1.0,9.53,clear sky
Leh,IN,34.1667,77.5833,-2.4,94.0,100.0,2.06,overcast clouds
Carbonia,IT,39.1672,8.5222,47.98,61.0,99.0,16.24,overcast clouds
Beloomut,RU,54.9448,39.3394,14.74,95.0,100.0,12.37,snow
Jambi,ID,-1.6,103.6167,80.67,79.0,100.0,3.09,overcast clouds
Eyl,SO,7.9803,49.8164,71.47,84.0,75.0,15.59,broken clouds
Acapulco,MX,16.8634,-99.8901,80.42,74.0,20.0,3.44,few clouds
Conakry,GN,9.538,-13.6773,72.36,77.0,67.0,7.23,broken clouds
San Pedro,PH,14.35,121.0167,84.31,70.0,75.0,5.75,broken clouds
Jumla,NP,29.2747,82.1838,33.42,76.0,53.0,2.33,broken clouds
Carman,CA,49.4992,-98.0016,-5.1,71.0,63.0,17.27,broken clouds
Usolye-Sibirskoye,RU,52.7519,103.6453,1.94,95.0,89.0,0.72,overcast clouds
Aden,YE,12.7794,45.0367,76.59,72.0,7.0,4.43,clear sky
Vila Do Maio,CV,15.1333,-23.2167,72.39,80.0,100.0,12.44,overcast clouds
Saint Anthony,US,45.0205,-93.218,-1.25,73.0,0.0,3.44,clear sky
Roebourne,AU,-20.7833,117.1333,98.33,35.0,0.0,3.58,clear sky
Bowen,AU,-20.0167,148.2333,84.42,55.0,91.0,22.35,overcast clouds
Llangefni,GB,53.2556,-4.3106,45.73,81.0,100.0,4.61,overcast clouds
Formosa,AR,-26.1775,-58.1781,87.78,55.0,0.0,5.75,clear sky
Laon,FR,49.5667,3.6667,35.85,93.0,10.0,5.79,clear sky
Magdiwang,PH,12.491,122.5135,79.3,81.0,54.0,12.71,broken clouds
Tautira,PF,-17.7333,-149.15,84.22,80.0,100.0,20.38,light rain
Muisne,EC,0.6,-80.0333,76.12,88.0,100.0,9.86,light rain
San Jeronimo,PE,-11.9472,-75.2829,52.52,83.0,97.0,2.1,overcast clouds
Makarska,HR,43.2969,17.0178,44.74,83.0,61.0,7.31,broken clouds
Kurilsk,RU,45.2333,147.8833,31.14,90.0,99.0,17.85,light snow
Yeppoon,AU,-23.1333,150.7333,78.58,61.0,32.0,24.36,scattered clouds
Faya,SA,18.3851,42.4509,45.12,77.0,0.0,4.99,clear sky
Umm Lajj,SA,25.0213,37.2685,60.01,37.0,0.0,15.21,clear sky
Beloha,MG,-25.1667,45.05,69.53,87.0,32.0,8.75,scattered clouds
Springdale,US,36.1867,-94.1288,20.03,56.0,0.0,8.99,clear sky
Kirovskaya,RU,46.9748,40.0402,24.96,96.0,100.0,14.76,overcast clouds
Pacifica,US,37.6138,-122.4869,59.83,79.0,40.0,1.01,scattered clouds
Chikitigarh,IN,19.2,84.6167,71.92,71.0,5.0,2.17,clear sky
Namatanai,PG,-3.6667,152.4333,82.27,75.0,100.0,9.89,light rain
Chor,PK,25.5167,69.7667,67.48,88.0,0.0,8.03,clear sky
Chapais,CA,49.7834,-74.8492,-25.82,100.0,46.0,4.29,scattered clouds
Batticaloa,LK,7.7102,81.6924,73.92,71.0,85.0,5.68,overcast clouds
Gravelbourg,CA,49.8834,-106.5512,28.67,82.0,100.0,15.48,overcast clouds
Sayan,PE,-11.1361,-77.1933,69.15,89.0,100.0,2.93,overcast clouds
Marawi,PH,7.9986,124.2928,72.64,62.0,100.0,4.61,overcast clouds
Vestmannaeyjar,IS,63.4427,-20.2734,47.17,86.0,100.0,29.3,overcast clouds
Hirado,JP,33.3597,129.5531,49.39,65.0,63.0,15.77,broken clouds
San Quintin,MX,30.4833,-115.95,61.59,57.0,0.0,3.02,clear sky
Nantucket,US,41.2835,-70.0995,34.09,65.0,100.0,18.41,overcast clouds
Ayorou,NE,14.7308,0.9174,59.77,23.0,0.0,11.56,clear sky
Puerto Quijarro,BO,-17.7833,-57.7667,73.44,96.0,97.0,3.51,overcast clouds
Muros,ES,42.7762,-9.0603,51.1,67.0,0.0,17.16,clear sky
Mgandu,TZ,-5.95,34.1333,59.54,94.0,100.0,3.18,overcast clouds
Wattegama,LK,6.7989,81.4808,70.72,61.0,82.0,4.09,broken clouds
Normandin,CA,48.8333,-72.5321,-16.29,69.0,11.0,5.75,few clouds
Hauterive,FR,46.0901,3.4459,34.56,95.0,70.0,7.0,broken clouds
Rio Branco,BR,-9.9747,-67.81,74.01,100.0,0.0,2.3,clear sky
Kahului,US,20.8947,-156.47,81.66,72.0,40.0,6.91,scattered clouds
Sept-Iles,CA,50.2001,-66.3821,-0.94,66.0,0.0,5.99,clear sky
Zyryanka,RU,65.75,150.85,-36.83,94.0,35.0,6.35,scattered clouds
Xinqing,CN,48.2333,129.5,1.49,79.0,11.0,2.82,few clouds
Kannangad,IN,12.3081,75.1063,75.34,72.0,38.0,3.15,scattered clouds
San Policarpo,PH,12.1791,125.5072,80.11,82.0,96.0,12.03,overcast clouds
Nelson Bay,AU,-32.7167,152.15,78.78,64.0,97.0,14.72,overcast clouds
Nybro,SE,56.7446,15.9071,31.05,50.0,0.0,15.28,clear sky
Rodrigues Alves,BR,-7.738,-72.6509,73.4,99.0,100.0,2.33,overcast clouds
Kati,ML,12.7441,-8.0726,67.41,19.0,4.0,3.85,clear sky
Inhambane,MZ,-23.865,35.3833,73.65,75.0,100.0,9.01,overcast clouds
Saint-Francois,FR,46.4154,3.9054,34.48,80.0,0.0,8.05,clear sky
Beira,MZ,-19.8436,34.8389,80.69,65.0,40.0,8.05,scattered clouds
Vanimo,PG,-2.6741,141.3028,82.81,80.0,37.0,6.8,scattered clouds
Kutum,SD,14.2,24.6667,48.15,24.0,68.0,5.48,broken clouds
Mayo,US,38.8876,-76.5119,31.98,56.0,0.0,5.99,clear sky
Fort Nelson,CA,58.8053,-122.7002,-2.61,78.0,100.0,9.22,light snow
Khandyga,RU,62.6667,135.6,-30.78,95.0,46.0,1.92,scattered clouds
Toribio,CO,2.9548,-76.2684,65.66,91.0,40.0,5.86,scattered clouds
Roma,US,43.2128,-75.4557,11.43,73.0,100.0,6.91,overcast clouds
Antsohihy,MG,-14.8796,47.9875,72.77,97.0,95.0,3.58,overcast clouds
Batagay,RU,67.6333,134.6333,-32.01,92.0,28.0,2.86,scattered clouds
Emilio Carranza,MX,19.9711,-96.6114,66.65,94.0,99.0,14.16,overcast clouds
Pilot Butte,CA,50.4668,-104.4178,20.93,85.0,100.0,18.41,overcast clouds
Tura,IN,25.5198,90.2201,61.2,70.0,15.0,2.68,few clouds
Aswan,EG,24.0934,32.907,43.9,49.0,0.0,4.61,clear sky
Alihe,CN,50.5667,123.7167,7.2,66.0,92.0,0.49,overcast clouds
Jizan,SA,17.3333,42.6667,72.54,72.0,4.0,3.69,clear sky
Gweta,BW,-20.1833,25.2333,70.47,38.0,96.0,10.45,overcast clouds
Waingapu,ID,-9.6567,120.2641,83.52,70.0,100.0,12.91,overcast clouds
Rapid Valley,US,44.0625,-103.1463,38.05,76.0,0.0,9.22,clear sky
Gigmoto,PH,13.7796,124.39,78.94,83.0,72.0,9.26,broken clouds
Pangai,TO,-19.8,-174.35,82.2,79.0,76.0,17.22,broken clouds
Langham,CA,52.3668,-106.9679,24.03,97.0,100.0,6.62,snow
Idritsa,RU,56.3316,28.8988,23.59,93.0,100.0,12.35,light snow
Santiago Del Estero,AR,-27.7951,-64.2615,78.64,69.0,2.0,4.07,clear sky
Ilulissat,GL,69.2167,-51.1,17.62,73.0,75.0,14.97,light snow
Corn Island,NI,12.1694,-83.0418,80.38,78.0,14.0,16.2,few clouds
Sandomierz,PL,50.6827,21.749,27.79,80.0,93.0,7.0,overcast clouds
Axim,GH,4.8699,-2.2405,77.27,72.0,34.0,2.86,scattered clouds
Polson,US,47.6936,-114.1632,39.6,82.0,100.0,6.42,light rain
Mandalgovi,MN,45.7625,106.2708,10.26,72.0,8.0,8.9,clear sky
Trinidad,BO,-14.8333,-64.9,74.79,92.0,75.0,2.68,moderate rain
Hendek,TR,40.7994,30.7481,35.92,64.0,60.0,7.27,broken clouds
Klyuchi,RU,52.2667,79.1667,-9.74,100.0,89.0,4.43,overcast clouds
Labuhan,ID,-6.8844,112.2051,78.85,78.0,100.0,5.79,overcast clouds
Ilo,PE,-17.6394,-71.3375,71.01,84.0,90.0,6.29,overcast clouds
Nawa,IN,27.0167,75.0,55.11,63.0,0.0,3.91,clear sky
Trincomalee,LK,8.5711,81.2335,74.93,67.0,99.0,0.98,overcast clouds
Ust-Tsilma,RU,65.441,52.1498,20.21,92.0,99.0,7.87,overcast clouds
Canavieiras,BR,-15.675,-38.9472,74.17,83.0,0.0,2.57,clear sky
Bathsheba,BB,13.2167,-59.5167,77.61,78.0,40.0,25.32,scattered clouds
Pulandian,CN,39.3953,121.9669,24.93,18.0,2.0,1.54,clear sky
Gamba,GA,-2.65,10.0,76.64,85.0,100.0,3.51,overcast clouds
Maceio,BR,-9.6658,-35.7353,78.24,88.0,20.0,2.3,few clouds
Skowhegan,US,44.7651,-69.7192,12.83,77.0,3.0,6.22,clear sky
Guanica,PR,17.9716,-66.908,75.94,76.0,0.0,6.62,clear sky
Adilcevaz,TR,38.8039,42.7342,15.51,77.0,1.0,5.28,clear sky
Monrovia,LR,6.3005,-10.7969,77.18,84.0,100.0,5.1,overcast clouds
Inirida,CO,3.8653,-67.9239,77.45,76.0,100.0,0.6,overcast clouds
Dabakala,CI,8.3667,-4.4333,69.03,16.0,27.0,5.21,scattered clouds
Katsina,NG,12.9894,7.6006,51.35,21.0,0.0,11.72,clear sky
Aklavik,CA,68.2191,-135.0107,-21.17,88.0,14.0,8.37,few clouds
Taltal,CL,-25.4,-70.4833,68.99,73.0,24.0,4.05,few clouds
Ransang,PH,8.9603,117.5828,84.34,67.0,42.0,5.1,scattered clouds
Chunskiy,RU,56.0815,99.6342,1.31,97.0,92.0,1.16,overcast clouds
Usinsk,RU,65.9939,57.5281,14.76,93.0,100.0,22.37,light snow
Atyrau,KZ,47.1167,51.8833,19.42,100.0,100.0,11.18,mist
Dicabisagan,PH,17.0818,122.4157,73.54,93.0,100.0,4.79,overcast clouds
Terre Haute,US,39.4667,-87.4139,22.24,71.0,100.0,1.01,overcast clouds
Benghazi,LY,32.1167,20.0667,56.35,67.0,78.0,6.91,broken clouds
Jiuquan,CN,39.7432,98.5174,25.66,39.0,0.0,2.77,clear sky
Catbalogan,PH,11.85,124.9167,81.73,69.0,49.0,7.0,scattered clouds
Zimapan,MX,20.75,-99.35,51.19,89.0,88.0,5.61,overcast clouds
Ponta Delgada,PT,37.7333,-25.6667,61.52,77.0,20.0,14.97,few clouds
Port Hedland,AU,-20.3167,118.5667,93.25,55.0,4.0,11.5,clear sky
Glenwood Springs,US,39.5505,-107.3248,33.03,58.0,100.0,6.91,overcast clouds
Lenine,UA,45.2986,35.7771,37.96,81.0,27.0,10.22,scattered clouds
Lerum,SE,57.7745,12.2697,38.82,63.0,0.0,11.5,clear sky
Alugan,PH,12.2188,125.4808,79.86,83.0,93.0,11.43,overcast clouds
Fare,PF,-16.7,-151.0167,81.09,75.0,100.0,18.59,light rain
Pueblo,US,38.2545,-104.6091,33.75,83.0,0.0,1.01,clear sky
Dan Khun Thot,TH,15.2085,101.7714,75.58,78.0,99.0,10.11,light rain
Korla,CN,41.7597,86.1469,29.23,43.0,9.0,5.41,clear sky
Mozarlandia,BR,-14.7447,-50.5706,72.23,87.0,5.0,1.81,clear sky
Hailar,CN,49.2,119.7,0.39,79.0,90.0,3.78,overcast clouds
Danville,US,36.586,-79.395,34.45,90.0,100.0,10.36,overcast clouds
Rorvik,NO,64.8621,11.2373,33.28,89.0,100.0,9.82,snow
Neiafu,TO,-18.65,-173.9833,82.6,75.0,79.0,19.08,broken clouds
Casma,CL,-41.0082,-73.1244,54.68,93.0,27.0,3.2,scattered clouds
